{"noiseKey":{"private":{"type":"Buffer","data":"WAOlVtafUdDPG+JArlETeb5OH12xcqLOxIOMmnNuW1A="},"public":{"type":"Buffer","data":"e5jKBVHS5C1F9mkT0E0vAly+eiWkAW0VIBfjdKP3zkQ="}},"pairingEphemeralKeyPair":{"private":{"type":"Buffer","data":"uGqnM3oxHIPWKsamHAjLUqtKhXVVs+ZM5eVHg60mqVo="},"public":{"type":"Buffer","data":"c0ounT2f+LIOK9zWfZQIzTpy6bFd4CwzJQjvihxJGlA="}},"signedIdentityKey":{"private":{"type":"Buffer","data":"eI3djuQ3GYU1ZmHabONMLGM9HHgPfcEb5I4FOFkGlVo="},"public":{"type":"Buffer","data":"3xcsZYFqNvyB20S++VB0O2wZIhUk+fyo1cRC/cTHKDc="}},"signedPreKey":{"keyPair":{"private":{"type":"Buffer","data":"8EjtcnciwmOArENToxFoLgLvheOs7reIs7o7gT7n6GI="},"public":{"type":"Buffer","data":"o95E92NEmI46Xm8aCApQYeFJfB+jHvCbgp/vd70bUGM="}},"signature":{"type":"Buffer","data":"2ztZIvhdPUdRPhXxHp0BcHSBvsgTK1FBvs8jZkehmtm0L9v+c2FSmDea7eL/srPVk6+G3EhdR2g0vESS3CkRhw=="},"keyId":1},"registrationId":60,"advSecretKey":"cUT6uGQIJxR6TBqagJwBsofARycKZGd2Y0xpohpq6ks=","processedHistoryMessages":[{"key":{"remoteJid":"6283170133479@s.whatsapp.net","fromMe":true,"id":"7CB2561D7240EFDA9B13940480FF5F3C"},"messageTimestamp":1720622810},{"key":{"remoteJid":"6283170133479@s.whatsapp.net","fromMe":true,"id":"21A7F8120BD097DBB63560756AD3203A"},"messageTimestamp":1720622810},{"key":{"remoteJid":"6283170133479@s.whatsapp.net","fromMe":true,"id":"B995708EAB83581F0E4A1D4FB6F3BAC2"},"messageTimestamp":1720622815},{"key":{"remoteJid":"6283170133479@s.whatsapp.net","fromMe":true,"id":"E1347B9D0D7EE1AE2AE45B5371650AE1"},"messageTimestamp":1720622815}],"nextPreKeyId":31,"firstUnuploadedPreKeyId":31,"accountSyncCounter":1,"accountSettings":{"unarchiveChats":false},"deviceId":"k8ghTcBDT1qYDbXeKBvoVQ","phoneId":"3e06f5b3-18de-4645-8075-374691fa8c15","identityId":{"type":"Buffer","data":"EAfT+lEQinkRWFqQkxvp43NHGRk="},"registered":false,"backupToken":{"type":"Buffer","data":"FkiqHqlssSTPn2qtjLse3v9rdRw="},"registration":{},"account":{"details":"CKDBqJIHENW9urQGGAEgACgA","accountSignatureKey":"E7YabgLXmQ5wL3Yzmpz+hFfU5+5olzU9NiXhP8WXWSo=","accountSignature":"XPoaekm2mPSohQvIpCBSrAXuNaxNPgf4d3cyi3zzQ8SRjoj0Dm78QI3FrbQszZc32b9LGxr7EOIa7rRZqqREAg==","deviceSignature":"bbCd9CkXcHDM0MxkeJBdl4ISZbSMl60s09Z8CBA87j8Ms2fwjHr41/R7XfnK+eM4aQ0jgXHwvaPeVHFvc/6igw=="},"me":{"id":"6283170133479:1@s.whatsapp.net","name":"test"},"signalIdentities":[{"identifier":{"name":"6283170133479:1@s.whatsapp.net","deviceId":0},"identifierKey":{"type":"Buffer","data":"BRO2Gm4C15kOcC92M5qc/oRX1OfuaJc1PTYl4T/Fl1kq"}}],"platform":"smba","lastAccountSyncTimestamp":1720628739,"myAppStateKeyId":"AAAAAFMc"}