{"_sessions":{"BUsix16TrLHKmeuHywOfUuIyzacQRmQUVMLKBajjwFBC":{"registrationId":51178675,"currentRatchet":{"ephemeralKeyPair":{"pubKey":"BXUsm0Kp149IyQfD3XRZk+IEdcvdFTb5OXz77CuZOIlK","privKey":"uNasp6Zrh3JsffqyI+Ofe+EXQoK+DHYk4bAqTHNwIkM="},"lastRemoteEphemeralKey":"BRwq7mcMa4V6WQGfKe4fil34Ufx4XuPAmZD6sQMDj4ID","previousCounter":0,"rootKey":"yNj6oB5pYasjegNTM6ueCLgiGz9ClYahOctl2Jf2fJs="},"indexInfo":{"baseKey":"BUsix16TrLHKmeuHywOfUuIyzacQRmQUVMLKBajjwFBC","baseKeyType":1,"closed":-1,"used":1720648250433,"created":1720648250433,"remoteIdentityKey":"BQn1pxzTVBWpolSxJ6HLTlzd/kPCKb3hE7cQTiHbTnwk"},"_chains":{"BXUsm0Kp149IyQfD3XRZk+IEdcvdFTb5OXz77CuZOIlK":{"chainKey":{"counter":0,"key":"Qxb0huWMlRAOQiv51Bb6n0HwsmgOnNQkHfRQjzeDr2s="},"chainType":1,"messageKeys":{}}},"pendingPreKey":{"signedKeyId":1,"baseKey":"BUsix16TrLHKmeuHywOfUuIyzacQRmQUVMLKBajjwFBC","preKeyId":1085}}},"version":"v1"}