{"_sessions":{"BblSYu8djAdVUcHa/mNYtZhw3lYYL0KrLEoF5BlVQKtK":{"registrationId":1554407710,"currentRatchet":{"ephemeralKeyPair":{"pubKey":"BXNg669JgVg00E5eAUyxsm8noLbGiHLAz1w7XqV3D1JW","privKey":"QHgx4gSz8IYHmztbp/PW1rRmeLVNYw35azrd5U2m9Wc="},"lastRemoteEphemeralKey":"BU1jbMM4c5R23BRj+MBRTyieXKQN9IgS662//vu8olsN","previousCounter":0,"rootKey":"U8T36ovEPi/Hfac68F1pzaTNFZkJ7V9w1glyQbBb6QQ="},"indexInfo":{"baseKey":"BblSYu8djAdVUcHa/mNYtZhw3lYYL0KrLEoF5BlVQKtK","baseKeyType":1,"closed":-1,"used":1720624413036,"created":1720622822426,"remoteIdentityKey":"BcMjrPD+jYxh4D58DIGjf2oPY23jvfq6ZJksrJY6JdFc"},"_chains":{"BU1jbMM4c5R23BRj+MBRTyieXKQN9IgS662//vu8olsN":{"chainKey":{"counter":0,"key":"tlz8kSxZJDyOiG0RTaeHnAgwgDxzZFqp8M8ru9uPAUw="},"chainType":2,"messageKeys":{}},"BXNg669JgVg00E5eAUyxsm8noLbGiHLAz1w7XqV3D1JW":{"chainKey":{"counter":-1,"key":"3rB3gFdZ+7gvncFX5dBm17/eIu8KvsVnqzIrW0Zwa28="},"chainType":1,"messageKeys":{}}}}},"version":"v1"}