{"_sessions":{"BdXBMzsNhu/5KMMBtlQCET9mMlskPNI2PQS3TBeOSlJk":{"registrationId":1882851259,"currentRatchet":{"ephemeralKeyPair":{"pubKey":"BUGYTzcGFZi1vXJBJ1ZurtIY1mqF0de/1ul9kIz24pY6","privKey":"GE2m63T78HiYB1hjnFGqhVuf83FqW+u5NCF75AXrWmU="},"lastRemoteEphemeralKey":"Bb2JPUj1hiJ01GH18YQUi+fP3rvl92hehVgPqrA+wFQY","previousCounter":0,"rootKey":"mDCbH1j2dtTaeKvIx1og7WkT3+/FYWkKJ0HPDOPrwdk="},"indexInfo":{"baseKey":"BdXBMzsNhu/5KMMBtlQCET9mMlskPNI2PQS3TBeOSlJk","baseKeyType":1,"closed":-1,"used":1720622822446,"created":1720622822446,"remoteIdentityKey":"BV+58/h9HsADkzOS1DWp6qf5izPsMHrq2oOZHl2vh0Uq"},"_chains":{"BUGYTzcGFZi1vXJBJ1ZurtIY1mqF0de/1ul9kIz24pY6":{"chainKey":{"counter":0,"key":"Tgv5J9jzVlGbwCLzmJhHrsJVh//5Z4cGG11K2ew4/Ss="},"chainType":1,"messageKeys":{}}},"pendingPreKey":{"signedKeyId":5,"baseKey":"BdXBMzsNhu/5KMMBtlQCET9mMlskPNI2PQS3TBeOSlJk","preKeyId":1308776}}},"version":"v1"}