{"_sessions":{"Be1j9LgRy5qpMRxLph4nkYWRlV2whh14tmp1mzcV7VEl":{"registrationId":1783189034,"currentRatchet":{"ephemeralKeyPair":{"pubKey":"BQxMMZaQVNJrR5WMD0Ms8fuMhmhnx3T26vbQfrbVwkQb","privKey":"QEindg+Ro6zhpcmW4KNDEwJomQPb594fAUa8LkvDV2s="},"lastRemoteEphemeralKey":"BQAx3wErcijVaSQMZ0JJ1juubZtzaxLXTF4vRkG0D88k","previousCounter":0,"rootKey":"GatWPh+bqPY70EcLucjd7scHGuVCzA6BpubVPcLq8Mw="},"indexInfo":{"baseKey":"Be1j9LgRy5qpMRxLph4nkYWRlV2whh14tmp1mzcV7VEl","baseKeyType":1,"closed":-1,"used":1720622822429,"created":1720622822429,"remoteIdentityKey":"BbCfW2694aoNl5LnvmkS62osSHnCFh9LEcbB78Uxy5ox"},"_chains":{"BQxMMZaQVNJrR5WMD0Ms8fuMhmhnx3T26vbQfrbVwkQb":{"chainKey":{"counter":0,"key":"On4fd8cceWntGOsq8Tyoisp2PBIQUthtI7jsRbD0yZc="},"chainType":1,"messageKeys":{}}},"pendingPreKey":{"signedKeyId":7,"baseKey":"Be1j9LgRy5qpMRxLph4nkYWRlV2whh14tmp1mzcV7VEl","preKeyId":2147848}}},"version":"v1"}