{"_sessions":{"BbCE+PYMEDJmzFNxToqBkruEEJXLdsdqk8VLr+pyqR1/":{"registrationId":2072746990,"currentRatchet":{"ephemeralKeyPair":{"pubKey":"BRK79Pwj1h0AB1B3eVu4JSbG6sYxKbttPY7ficCyVyUb","privKey":"WDRABEDzyyPwv9vD+zW7V7VFOpLEkT1AEybDFlFUZGQ="},"lastRemoteEphemeralKey":"BW85Yzf+Dk9pvyV83ec48NOdPmZJjhTNDnSt1cE2Cmsi","previousCounter":0,"rootKey":"Q0yj0yLpHvomX4TE2W1j0FnCRlnjeFZTvntlkORBiyc="},"indexInfo":{"baseKey":"BbCE+PYMEDJmzFNxToqBkruEEJXLdsdqk8VLr+pyqR1/","baseKeyType":1,"closed":-1,"used":1720648250435,"created":1720648250435,"remoteIdentityKey":"BbZ2D4eB0xwNKfoq3DXmZJqXF/pyc8SF/Y1qJfsQvSsI"},"_chains":{"BRK79Pwj1h0AB1B3eVu4JSbG6sYxKbttPY7ficCyVyUb":{"chainKey":{"counter":0,"key":"3gqsuQODa/KtEMKLdS73QW9g1tAc8R3aImAtoYQ0Gmo="},"chainType":1,"messageKeys":{}}},"pendingPreKey":{"signedKeyId":12,"baseKey":"BbCE+PYMEDJmzFNxToqBkruEEJXLdsdqk8VLr+pyqR1/","preKeyId":15168467}}},"version":"v1"}