{"_sessions":{"BaOx/WFWfls9165r6SSsjM043SrLAwSNGdy6z+ayisp3":{"registrationId":233193758,"currentRatchet":{"ephemeralKeyPair":{"pubKey":"BZdQnEZc+7iRJ29N+ococArbBCTtY0Dj1Dy9Qf0vX2w6","privKey":"gEIvn4lAhfgLWD9vCJFoXVQ21/+zW6k4gNnNT/jfTFs="},"lastRemoteEphemeralKey":"BU/Ubx4xGN4a9HJo4/yfawNppPfJj3rjxxYaS+dgkwEV","previousCounter":0,"rootKey":"6DB1AANshrpy+56BPPJTvJ8jNyywbUz10JRulyGjKcw="},"indexInfo":{"baseKey":"BaOx/WFWfls9165r6SSsjM043SrLAwSNGdy6z+ayisp3","baseKeyType":1,"closed":-1,"used":1720622822440,"created":1720622822440,"remoteIdentityKey":"BRO2Gm4C15kOcC92M5qc/oRX1OfuaJc1PTYl4T/Fl1kq"},"_chains":{"BZdQnEZc+7iRJ29N+ococArbBCTtY0Dj1Dy9Qf0vX2w6":{"chainKey":{"counter":56,"key":"f+oeszxSu5IqUIIiXsb/xQHr8xBZSle6qeDliebYeVY="},"chainType":1,"messageKeys":{}}},"pendingPreKey":{"signedKeyId":0,"baseKey":"BaOx/WFWfls9165r6SSsjM043SrLAwSNGdy6z+ayisp3","preKeyId":8628746}}},"version":"v1"}