{"_sessions":{"BaX5ch2x+byfG4pudT0LI9U5gvDvaoK2+5QwfTXSZ1QX":{"registrationId":200554428,"currentRatchet":{"ephemeralKeyPair":{"pubKey":"Bab/Fl+QV2eprNpLZ+tFEVbGzDT529JkymkUzesmPosJ","privKey":"OF06ew2SbloUD3Psg9EQHfOaBCYH3gmAhduTi9cDzmQ="},"lastRemoteEphemeralKey":"BeXlXFqUnGU67bRJBy1KRBQ/bz3kTrrr2P2ypGGSXzs5","previousCounter":1,"rootKey":"s7qnt6998TTv0QvxsRxTPQanTpsf2hLEsPKhVu5r7hg="},"indexInfo":{"baseKey":"BaX5ch2x+byfG4pudT0LI9U5gvDvaoK2+5QwfTXSZ1QX","baseKeyType":1,"closed":-1,"used":1720685900854,"created":1720622822435,"remoteIdentityKey":"Beid9zimAFF2t07tvXCDU8s4lXKSrkl/EKIxK+Rh6ghg"},"_chains":{"BRiqtkplxoGiYTSVp29P+z3aeXDe31gqOV+akWRYI21O":{"chainKey":{"counter":1},"chainType":2,"messageKeys":{}},"BReow+Nh2YfvTqmVC8gpjMAZsPEtf2MyhZlGnAjVbSdk":{"chainKey":{"counter":2},"chainType":2,"messageKeys":{}},"BRds50vqAn1SqwxeCIM3YUdTbglu1VfdeuLhUHfHIhVn":{"chainKey":{"counter":0},"chainType":2,"messageKeys":{}},"BbRMurjHNPH9250O+qYEv7EtCHYI4S8YBiXBLZBVk3o0":{"chainKey":{"counter":1},"chainType":2,"messageKeys":{}},"BfQFR3FTaM57QiwyaCXyzaFg/r6IX5sFr475GudLuFBe":{"chainKey":{"counter":0},"chainType":2,"messageKeys":{}},"BWnndGqZ4m0EXdt6XaGLrkFoK6UGbWnnS0EIe0WdYM1Q":{"chainKey":{"counter":0},"chainType":2,"messageKeys":{}},"BQxS9FnhH6np/d/FIpIq1SQ36LmoprO12eHmjMaC8WpX":{"chainKey":{"counter":0},"chainType":2,"messageKeys":{}},"BYVjWESWpMNvCYndJK4a84lBiUJChOgp2ErglmMwibBL":{"chainKey":{"counter":1},"chainType":2,"messageKeys":{}},"BWRLjYWGEeEHs3FYV7eXsgGxDb1yBDQEl+dBzMinEfRD":{"chainKey":{"counter":1},"chainType":2,"messageKeys":{}},"BViVtnVQcfBeFSDVSeJiOIp69ZsLEsjTv5OYiEL+TtNB":{"chainKey":{"counter":0},"chainType":2,"messageKeys":{}},"BUAH4+M5UJEJZ/Q963tGLw/bkk8zq3Lzi9qu4BZRQuNI":{"chainKey":{"counter":0},"chainType":2,"messageKeys":{}},"BfE0ofWqJDcahHilbzjLZVp4gtc773UUELQvP1LwYmxV":{"chainKey":{"counter":0},"chainType":2,"messageKeys":{}},"BXqJUDhS+9uFl2bNPkKTXQgq5E1IChg8O9zVvcqrH1ED":{"chainKey":{"counter":0},"chainType":2,"messageKeys":{}},"BQ+vcvpI3UsrhWCQHiZdhNraekpMQB01mLi7MsTSL3Am":{"chainKey":{"counter":0},"chainType":2,"messageKeys":{}},"BYeCpKJht4v6t4/LchH836JKC9UM14pDCAO6iiQg998s":{"chainKey":{"counter":0},"chainType":2,"messageKeys":{}},"BeXlXFqUnGU67bRJBy1KRBQ/bz3kTrrr2P2ypGGSXzs5":{"chainKey":{"counter":1,"key":"fCoKL3PMdKfenb5cT+/xAu0QG0t8ao61FdtKgDAnPnY="},"chainType":2,"messageKeys":{}},"Bab/Fl+QV2eprNpLZ+tFEVbGzDT529JkymkUzesmPosJ":{"chainKey":{"counter":-1,"key":"TVbQlyV/KyZXfuwtk5MEZK2XR1uOWBWk59EwsK5YFGE="},"chainType":1,"messageKeys":{}}}}},"version":"v1"}