{"_sessions":{"BSYq5ycVL3AX+Ab0qSlOO5RNqMuY1Nq7Du+0sliacnQ3":{"registrationId":1117797019,"currentRatchet":{"ephemeralKeyPair":{"pubKey":"BZ2987IfKfkxINs/pQsVNqy4pxkP24BjY4aHLO5H4pcU","privKey":"ADlCde90Eb85A5XuURWOP0rm1Lhth3mm0akoPGN423I="},"lastRemoteEphemeralKey":"BT31l2xTlPmv2ovfGmow8GlPRWlUYhhn42dZ3JCdgNF+","previousCounter":0,"rootKey":"Cz6mUGQFfvw4jIpnzmyeI1XSKRZLar4RBcTwqF/VKMA="},"indexInfo":{"baseKey":"BSYq5ycVL3AX+Ab0qSlOO5RNqMuY1Nq7Du+0sliacnQ3","baseKeyType":1,"closed":-1,"used":1720623902971,"created":1720622822468,"remoteIdentityKey":"BQb70ZkW++fcchkWb/SdI5hjLt/YlfBr5xlTBch09Vt8"},"_chains":{"BT31l2xTlPmv2ovfGmow8GlPRWlUYhhn42dZ3JCdgNF+":{"chainKey":{"counter":0,"key":"7a+V7n0T1cARlUoFB7tgKl0l0H91PmHIMHV1duSVol0="},"chainType":2,"messageKeys":{}},"BZ2987IfKfkxINs/pQsVNqy4pxkP24BjY4aHLO5H4pcU":{"chainKey":{"counter":-1,"key":"sLBhH4wuG11YCBUQ0Q2C8PiGKXfBqNurMUYwYOVTBAs="},"chainType":1,"messageKeys":{}}}}},"version":"v1"}