{"_sessions":{"BWEd5GLpA4Vt5uy3wp+y5j98CcI0wWBTe1KnaBrirkkD":{"registrationId":844081480,"currentRatchet":{"ephemeralKeyPair":{"pubKey":"BTwrM7tN7e/bBLxiOaF3BHAAeHzfkMX/fa8cuxTmMgB0","privKey":"MCMWvabDrLnBcVbHO19jLRp9KFgbY3HLG6ur0Vrg+2k="},"lastRemoteEphemeralKey":"BXSX2Nrc9cL1R3iVzwoHu2oeR+ENlnVIO1p5S+zgYqJ5","previousCounter":0,"rootKey":"7J5iyKYWC9hTV8CGGi5Jq6YT4Sr6pDSXZHELr/+wE6M="},"indexInfo":{"baseKey":"BWEd5GLpA4Vt5uy3wp+y5j98CcI0wWBTe1KnaBrirkkD","baseKeyType":1,"closed":-1,"used":1720622822476,"created":1720622822476,"remoteIdentityKey":"BXIqdkzHQV9Xq5eRhkiFDnva9/MuDIkgV1n014BHH0NP"},"_chains":{"BTwrM7tN7e/bBLxiOaF3BHAAeHzfkMX/fa8cuxTmMgB0":{"chainKey":{"counter":0,"key":"LJJfjtHaPFXhdk1GEubKq/pj1sF3rXdCcFYz8dNZZpE="},"chainType":1,"messageKeys":{}}},"pendingPreKey":{"signedKeyId":2,"baseKey":"BWEd5GLpA4Vt5uy3wp+y5j98CcI0wWBTe1KnaBrirkkD","preKeyId":12185778}}},"version":"v1"}