{"_sessions":{"BQtuXSD8gHetaDar7bHylOAgPdv6o1KrlaaEBO9AWsxg":{"registrationId":1621574758,"currentRatchet":{"ephemeralKeyPair":{"pubKey":"BZ0MLZv+zwOZrxTVmObV7TfXlRxBSRU5dbXgcSjzMhsJ","privKey":"KHOZqXYf8OK99HzBYY/UVpfO9KuhjAXVLqcvPnV/r1Y="},"lastRemoteEphemeralKey":"BcFw9vrZEPK9FsNgQ4Ddo94MbgXhlxrcJFdcaDZSmsFf","previousCounter":0,"rootKey":"8ueWEGE+T4lz3AfacOtpqyncTyMiuApc3Yr6Wfansr0="},"indexInfo":{"baseKey":"BQtuXSD8gHetaDar7bHylOAgPdv6o1KrlaaEBO9AWsxg","baseKeyType":1,"closed":-1,"used":1720648250441,"created":1720648250441,"remoteIdentityKey":"BVTmnZBQtTVC3QphYsgE/a0/qPsKRHmFxlWnjKSUgRsh"},"_chains":{"BZ0MLZv+zwOZrxTVmObV7TfXlRxBSRU5dbXgcSjzMhsJ":{"chainKey":{"counter":0,"key":"sdqWxUv3I44CERbtsO05g5B+azrxXEp/USMiS6x1+7I="},"chainType":1,"messageKeys":{}}},"pendingPreKey":{"signedKeyId":11,"baseKey":"BQtuXSD8gHetaDar7bHylOAgPdv6o1KrlaaEBO9AWsxg","preKeyId":2697233}}},"version":"v1"}