{"_sessions":{"BQS5v69pER2/YIcXMDyC5iiOvvidCJvX+QBojxf4lfpF":{"registrationId":1974934636,"currentRatchet":{"ephemeralKeyPair":{"pubKey":"BfaePpOg6Q4mO3ivK9y1hQhTRL64Rkvu6KDbbGUyRHMo","privKey":"8OQJ86EvoWztt88ySMb1Jx/f0VhcpyIZs1WSKcsWTGo="},"lastRemoteEphemeralKey":"BZaSsdi5ICDxNhUt4duNyA7b943D8MeaZkrvsQNu6U5L","previousCounter":0,"rootKey":"YmDNmhkxThf1uwckz1ial6zplRbMARhQ6Oc4+mA1SJ0="},"indexInfo":{"baseKey":"BQS5v69pER2/YIcXMDyC5iiOvvidCJvX+QBojxf4lfpF","baseKeyType":1,"closed":-1,"used":1720622822452,"created":1720622822452,"remoteIdentityKey":"BTh3RSt4erZ2fv8V5O/K75qAB8XObVeLw4lnmZFcCltm"},"_chains":{"BfaePpOg6Q4mO3ivK9y1hQhTRL64Rkvu6KDbbGUyRHMo":{"chainKey":{"counter":0,"key":"1xClUthfl+aqpbrwDOzq1FjtXbcBqD0MCmGDNDHeQDk="},"chainType":1,"messageKeys":{}}},"pendingPreKey":{"signedKeyId":10,"baseKey":"BQS5v69pER2/YIcXMDyC5iiOvvidCJvX+QBojxf4lfpF","preKeyId":3961633}}},"version":"v1"}