{"_sessions":{"BVd9fuzsPvcL807DYgCB3dEobJZ37bC4rm7gmdW0zNhH":{"registrationId":1731052131,"currentRatchet":{"ephemeralKeyPair":{"pubKey":"Bb6W9cCHkGDPQyv4s1cQKXhAcbkWzC0g3oL3EvgHcoN7","privKey":"aLMqAWneURH/w59yOwRJCK5if8qaBTkAKnUENYUrAFU="},"lastRemoteEphemeralKey":"BTUNU2UaAbOqBmkYhDurbTUt4dvrHEhsoHCw27kGguRu","previousCounter":0,"rootKey":"Rn22lAVJXW2TMVobKySr0WTHPfdjGs2dZ4keZFsqgBw="},"indexInfo":{"baseKey":"BVd9fuzsPvcL807DYgCB3dEobJZ37bC4rm7gmdW0zNhH","baseKeyType":1,"closed":-1,"used":1720648250444,"created":1720648250444,"remoteIdentityKey":"BWAHT9RbcKM0xSpOVHYb9enkafzw3/D68SnWyfrw+kVO"},"_chains":{"Bb6W9cCHkGDPQyv4s1cQKXhAcbkWzC0g3oL3EvgHcoN7":{"chainKey":{"counter":0,"key":"9g5wGRPGIvz3xtD2dnZFGTWSauXlg6W3wreApt6dvV0="},"chainType":1,"messageKeys":{}}},"pendingPreKey":{"signedKeyId":6,"baseKey":"BVd9fuzsPvcL807DYgCB3dEobJZ37bC4rm7gmdW0zNhH","preKeyId":12188030}}},"version":"v1"}