{"_sessions":{"BUtOLZJzJCgbSdDKb2Ke+AenUbbVao530q4ld2Vzj8oO":{"registrationId":2024603486,"currentRatchet":{"ephemeralKeyPair":{"pubKey":"BX+FV3FrmQWHvQ51nVDChc3xRwPHWkU2nBaVrGyvr/Yl","privKey":"iFjnHjBteNTsYJzVvUlgJPlvR33MH9nzVZn4FOrj0GE="},"lastRemoteEphemeralKey":"BVWfdcPbKDO3nwCbcPgKKVe4jYk0LCGPO/CPwL2EMI9I","previousCounter":0,"rootKey":"y9VTYNc5wTOQpEsn1WQGyON+4t3msV+gMTOerjAgt34="},"indexInfo":{"baseKey":"BUtOLZJzJCgbSdDKb2Ke+AenUbbVao530q4ld2Vzj8oO","baseKeyType":1,"closed":-1,"used":1720622822471,"created":1720622822471,"remoteIdentityKey":"BUosIaXDTpx/umNgXqqUmoJd2bckv2f5WVBuhWyRgMAp"},"_chains":{"BX+FV3FrmQWHvQ51nVDChc3xRwPHWkU2nBaVrGyvr/Yl":{"chainKey":{"counter":0,"key":"qtePgnZX7kXhVF51CG2KLn9s8opLCvnYA03Xwq9PfHw="},"chainType":1,"messageKeys":{}}},"pendingPreKey":{"signedKeyId":14,"baseKey":"BUtOLZJzJCgbSdDKb2Ke+AenUbbVao530q4ld2Vzj8oO","preKeyId":7633}}},"version":"v1"}