{"_sessions":{"Bar9CPt1OUo1Z+HTBAroRpi985JbcaVLfMl6634UrY4E":{"registrationId":2105483476,"currentRatchet":{"ephemeralKeyPair":{"pubKey":"BdUDDciIQQ6g3sGKOTRs/qpCH+ehQObYwbTXBTNTSJVi","privKey":"uN0qdgq6ZyUUDKUbQEqKwnOUAGMHr0N7ynyo5d5Ds3A="},"lastRemoteEphemeralKey":"BYko3TuQlMk1fOQcutQVW9lWGUyGzS+Om1eUM7IN0UUb","previousCounter":0,"rootKey":"69AIXg4DFOjRicIW+NUAPOj7mUeTamnAlrdXwDuHBr4="},"indexInfo":{"baseKey":"Bar9CPt1OUo1Z+HTBAroRpi985JbcaVLfMl6634UrY4E","baseKeyType":1,"closed":-1,"used":1720624528731,"created":1720622822449,"remoteIdentityKey":"BVes7QFDNdBGAf6NiSMpGe7NflE+uRscy7SYPrWGMdpo"},"_chains":{"BYko3TuQlMk1fOQcutQVW9lWGUyGzS+Om1eUM7IN0UUb":{"chainKey":{"counter":0,"key":"a7bmiKoclZMtb0BFNKR1wSZ5KzwLFM6Hvg0eFl5IoJc="},"chainType":2,"messageKeys":{}},"BdUDDciIQQ6g3sGKOTRs/qpCH+ehQObYwbTXBTNTSJVi":{"chainKey":{"counter":-1,"key":"VFWkWHh+m+eXDHD3udoZjoDM7Dng+lRmETT6aHnyPRE="},"chainType":1,"messageKeys":{}}}}},"version":"v1"}