{"_sessions":{"BS5IClpT8za/5I2jZEmR3llCDJTsQyupHsBs6Qzv5ncW":{"registrationId":1263805785,"currentRatchet":{"ephemeralKeyPair":{"pubKey":"BULBI1F/dCwRxS0TWg6c0gP8ZAFikdNSrrGbp6UrmPV7","privKey":"kKNqsknUQ+VA6Ppf6j2R5r/rtT5BbR+sC7Cfzs/Ryl4="},"lastRemoteEphemeralKey":"BSHd9j00TGlv/InFtEbt55fRsLIeqe5vCdwqIp+wFtoN","previousCounter":0,"rootKey":"UBM1oGl/Aq5aPA36Gmc5eBpQnWArhgKXMeW3ymrIlgw="},"indexInfo":{"baseKey":"BS5IClpT8za/5I2jZEmR3llCDJTsQyupHsBs6Qzv5ncW","baseKeyType":1,"closed":1720650100273,"used":1720622822457,"created":1720622822457,"remoteIdentityKey":"BYCBCqlmUjJT2rvNx9/n6tENhEIm7n/RodZJ79YE07ND"},"_chains":{"BULBI1F/dCwRxS0TWg6c0gP8ZAFikdNSrrGbp6UrmPV7":{"chainKey":{"counter":0,"key":"uVMw/e1LTSyxtkm1oqdwQ+gRe/jFOeb2jpoeTBKkWaE="},"chainType":1,"messageKeys":{}}},"pendingPreKey":{"signedKeyId":3,"baseKey":"BS5IClpT8za/5I2jZEmR3llCDJTsQyupHsBs6Qzv5ncW","preKeyId":2771230}},"BdGmwamvJngrUnES6HuVB1b6LRz2R80KBTrU8pI8Czw7":{"registrationId":1263805785,"currentRatchet":{"ephemeralKeyPair":{"pubKey":"BVQUom3Rha0WTa/sQSQzcU680+smdlFTWa+V5NZnuBdb","privKey":"KAdUT1g+x/gmc104OjqjK1R0H2qCDaF84p9ShPMhZko="},"lastRemoteEphemeralKey":"BSHd9j00TGlv/InFtEbt55fRsLIeqe5vCdwqIp+wFtoN","previousCounter":0,"rootKey":"2lOa/asb/OFvElVRmbu1Nvr8aQVqn3GUBqWYP/n83mw="},"indexInfo":{"baseKey":"BdGmwamvJngrUnES6HuVB1b6LRz2R80KBTrU8pI8Czw7","baseKeyType":1,"closed":1720650101284,"used":1720650100241,"created":1720650100241,"remoteIdentityKey":"BYCBCqlmUjJT2rvNx9/n6tENhEIm7n/RodZJ79YE07ND"},"_chains":{"BVQUom3Rha0WTa/sQSQzcU680+smdlFTWa+V5NZnuBdb":{"chainKey":{"counter":-1,"key":"RWuqkiYA5H7nj2x/A30ILrW/YPxD7MYqHiWZbyq7m6w="},"chainType":1,"messageKeys":{}}},"pendingPreKey":{"signedKeyId":3,"baseKey":"BdGmwamvJngrUnES6HuVB1b6LRz2R80KBTrU8pI8Czw7","preKeyId":2771285}},"BTNTNdnXEls/EnG+v0cyxkj5fpaI4OXEnp7/ghGa/B0T":{"registrationId":1263805785,"currentRatchet":{"ephemeralKeyPair":{"pubKey":"BdefYZ6L9pdFlbkJ/JGVuwPnAX2w2iV0PdQyIsTgxBEm","privKey":"6P1DTsdw8VGslLtlz/mynQ2AjJ8ii+tKmhCsin7fgFI="},"lastRemoteEphemeralKey":"BSHd9j00TGlv/InFtEbt55fRsLIeqe5vCdwqIp+wFtoN","previousCounter":0,"rootKey":"9pboQ47O/cQpE49xMO6o2JtL0SdTxipdm5hUSXALdVA="},"indexInfo":{"baseKey":"BTNTNdnXEls/EnG+v0cyxkj5fpaI4OXEnp7/ghGa/B0T","baseKeyType":1,"closed":1720650102201,"used":1720650101275,"created":1720650101275,"remoteIdentityKey":"BYCBCqlmUjJT2rvNx9/n6tENhEIm7n/RodZJ79YE07ND"},"_chains":{"BdefYZ6L9pdFlbkJ/JGVuwPnAX2w2iV0PdQyIsTgxBEm":{"chainKey":{"counter":-1,"key":"hNk0XZljNrwGbW2dccg4rtVbaQoajn+//06xzBZD2fI="},"chainType":1,"messageKeys":{}}},"pendingPreKey":{"signedKeyId":3,"baseKey":"BTNTNdnXEls/EnG+v0cyxkj5fpaI4OXEnp7/ghGa/B0T","preKeyId":2771404}},"Bap7hikZMJ/BUaTSjLteixgFTtY5kPUt33GiH3OVrGhH":{"registrationId":1263805785,"currentRatchet":{"ephemeralKeyPair":{"pubKey":"BevrC5Qwtbwr76DobwgvCQ68LEOqOSaVjjWZdLtcbOlu","privKey":"sOJhWg9GbbLFFKEXP8YEzzHG8nxtubD+p6Z58xw7Sng="},"lastRemoteEphemeralKey":"BSHd9j00TGlv/InFtEbt55fRsLIeqe5vCdwqIp+wFtoN","previousCounter":0,"rootKey":"LOX7pgHNsGBB/cRn1cOFUIQkMq3SOE+4TO8zDZKOHdo="},"indexInfo":{"baseKey":"Bap7hikZMJ/BUaTSjLteixgFTtY5kPUt33GiH3OVrGhH","baseKeyType":1,"closed":1720650109864,"used":1720650102192,"created":1720650102192,"remoteIdentityKey":"BYCBCqlmUjJT2rvNx9/n6tENhEIm7n/RodZJ79YE07ND"},"_chains":{"BevrC5Qwtbwr76DobwgvCQ68LEOqOSaVjjWZdLtcbOlu":{"chainKey":{"counter":-1,"key":"JXJdP+YPnR+STywSHJzGmjK/2vMuAoU9/p4eD5ErKqA="},"chainType":1,"messageKeys":{}}},"pendingPreKey":{"signedKeyId":3,"baseKey":"Bap7hikZMJ/BUaTSjLteixgFTtY5kPUt33GiH3OVrGhH","preKeyId":2771183}},"BVDso3qbWeWOZwhmPugxfmjZsIMcAmJ6u9g8KHTCzmoA":{"registrationId":1263805785,"currentRatchet":{"ephemeralKeyPair":{"pubKey":"BRwrCIRDI+jIBBDX65rNyl5M24qkkRw83/hs0FuXp6xM","privKey":"wESHIJzSZHkd4jArk4+vp9ybBH4BSFWeoo+xoxhEFGU="},"lastRemoteEphemeralKey":"BSHd9j00TGlv/InFtEbt55fRsLIeqe5vCdwqIp+wFtoN","previousCounter":0,"rootKey":"aB56GTxiOic59JBH0fyEWPGDRXdyxA5b3+OOr7DVzHQ="},"indexInfo":{"baseKey":"BVDso3qbWeWOZwhmPugxfmjZsIMcAmJ6u9g8KHTCzmoA","baseKeyType":1,"closed":1720650110534,"used":1720650109858,"created":1720650109858,"remoteIdentityKey":"BYCBCqlmUjJT2rvNx9/n6tENhEIm7n/RodZJ79YE07ND"},"_chains":{"BRwrCIRDI+jIBBDX65rNyl5M24qkkRw83/hs0FuXp6xM":{"chainKey":{"counter":-1,"key":"MIZ0yJchnJyEq0WumMBc4UvY9kXQ+cVqgQpol1FIjfs="},"chainType":1,"messageKeys":{}}},"pendingPreKey":{"signedKeyId":3,"baseKey":"BVDso3qbWeWOZwhmPugxfmjZsIMcAmJ6u9g8KHTCzmoA","preKeyId":2771103}},"BRb/I/3aErlH9G6dTUrkTfxNzqP+TJx0lFPJ6UlhFONU":{"registrationId":1263805785,"currentRatchet":{"ephemeralKeyPair":{"pubKey":"BfuIPq2XsyB/guJcL4jtXP+yXPutDuy1F/sc7FqLDJkt","privKey":"cGj0799K597Qh9L4+D03mTRRDozCL9zLax6d6jAoJmw="},"lastRemoteEphemeralKey":"BSHd9j00TGlv/InFtEbt55fRsLIeqe5vCdwqIp+wFtoN","previousCounter":0,"rootKey":"xtgW4BArwPksPcpW6MVZcHayIvuFHBAsilXyOYclCU4="},"indexInfo":{"baseKey":"BRb/I/3aErlH9G6dTUrkTfxNzqP+TJx0lFPJ6UlhFONU","baseKeyType":1,"closed":1720650111210,"used":1720650110529,"created":1720650110529,"remoteIdentityKey":"BYCBCqlmUjJT2rvNx9/n6tENhEIm7n/RodZJ79YE07ND"},"_chains":{"BfuIPq2XsyB/guJcL4jtXP+yXPutDuy1F/sc7FqLDJkt":{"chainKey":{"counter":-1,"key":"xcrKeDZYQ1mK0Z6SuHgGR54Ifo4czbprDM5kU6+PaiY="},"chainType":1,"messageKeys":{}}},"pendingPreKey":{"signedKeyId":3,"baseKey":"BRb/I/3aErlH9G6dTUrkTfxNzqP+TJx0lFPJ6UlhFONU","preKeyId":2771293}},"BTfCIaBlcMuqdt2bZQDDGGMBgHpEQAWV9qNC4sL29ZR/":{"registrationId":1263805785,"currentRatchet":{"ephemeralKeyPair":{"pubKey":"Bf8qnYZZhbXbIu8miCX301fTO87aQMt9SOAciNmXt5MS","privKey":"IAJPRgbBc+sqx5zHROFNS6IWG4UNgHLq7r+ogM8TlVs="},"lastRemoteEphemeralKey":"BSHd9j00TGlv/InFtEbt55fRsLIeqe5vCdwqIp+wFtoN","previousCounter":0,"rootKey":"6dg38PDmH59OFlzx+ZEkzfgYBaLaYoMl08bO6bGXN5g="},"indexInfo":{"baseKey":"BTfCIaBlcMuqdt2bZQDDGGMBgHpEQAWV9qNC4sL29ZR/","baseKeyType":1,"closed":1720650111873,"used":1720650111206,"created":1720650111206,"remoteIdentityKey":"BYCBCqlmUjJT2rvNx9/n6tENhEIm7n/RodZJ79YE07ND"},"_chains":{"Bf8qnYZZhbXbIu8miCX301fTO87aQMt9SOAciNmXt5MS":{"chainKey":{"counter":-1,"key":"clOP3NAMSeAfCsUPykffefHz1Pa0G+pBCZqmj7emC4c="},"chainType":1,"messageKeys":{}}},"pendingPreKey":{"signedKeyId":3,"baseKey":"BTfCIaBlcMuqdt2bZQDDGGMBgHpEQAWV9qNC4sL29ZR/","preKeyId":2771231}},"BT9u9Xc+C/aXX/+U9sMxqgliqhtj65/tZEnViKVDzFpV":{"registrationId":1263805785,"currentRatchet":{"ephemeralKeyPair":{"pubKey":"BU5LOebEPgueWDmrbADgde1y5VT50Um5860eKpGBqPEm","privKey":"SKiHpO9platLF68C9VJQxlrecP3dS5dWAYDuutLOfk0="},"lastRemoteEphemeralKey":"BSHd9j00TGlv/InFtEbt55fRsLIeqe5vCdwqIp+wFtoN","previousCounter":0,"rootKey":"Cy028hvCvtkLawODNMvuaTClOh7dfcl5U9deb8AqYtA="},"indexInfo":{"baseKey":"BT9u9Xc+C/aXX/+U9sMxqgliqhtj65/tZEnViKVDzFpV","baseKeyType":1,"closed":1720650112702,"used":1720650111867,"created":1720650111867,"remoteIdentityKey":"BYCBCqlmUjJT2rvNx9/n6tENhEIm7n/RodZJ79YE07ND"},"_chains":{"BU5LOebEPgueWDmrbADgde1y5VT50Um5860eKpGBqPEm":{"chainKey":{"counter":-1,"key":"IC1EnpLmUAaQK5WKJK5WKxoQRWqQ34s25f/Zlv0uT3E="},"chainType":1,"messageKeys":{}}},"pendingPreKey":{"signedKeyId":3,"baseKey":"BT9u9Xc+C/aXX/+U9sMxqgliqhtj65/tZEnViKVDzFpV","preKeyId":2771236}},"Bf6t6g8j1sRFqMsjHsfiv3szl+cSK8hLfm38Zej0U9JM":{"registrationId":1263805785,"currentRatchet":{"ephemeralKeyPair":{"pubKey":"BWoFNw0OTvOFTEJnps81DlsIjz0jxdqAD+OcGGhnL5Z5","privKey":"QKLXSE4idC7/019R+0PkNF3opcP/56Wfamv/b2CIVHQ="},"lastRemoteEphemeralKey":"BSHd9j00TGlv/InFtEbt55fRsLIeqe5vCdwqIp+wFtoN","previousCounter":0,"rootKey":"wWipD+3krZWTFle6daFNPTFZjeDZDSzpvrOodnHlA34="},"indexInfo":{"baseKey":"Bf6t6g8j1sRFqMsjHsfiv3szl+cSK8hLfm38Zej0U9JM","baseKeyType":1,"closed":1720650113486,"used":1720650112696,"created":1720650112696,"remoteIdentityKey":"BYCBCqlmUjJT2rvNx9/n6tENhEIm7n/RodZJ79YE07ND"},"_chains":{"BWoFNw0OTvOFTEJnps81DlsIjz0jxdqAD+OcGGhnL5Z5":{"chainKey":{"counter":-1,"key":"OV/5NGBlkB7jXxx5jAsSRNtsJgo1b32Lr2W/8eYFGZc="},"chainType":1,"messageKeys":{}}},"pendingPreKey":{"signedKeyId":3,"baseKey":"Bf6t6g8j1sRFqMsjHsfiv3szl+cSK8hLfm38Zej0U9JM","preKeyId":2771422}},"BWO3GRTY/J28G4H/5UzBc+wufgLR66J/OOGQP6VSRzUu":{"registrationId":1263805785,"currentRatchet":{"ephemeralKeyPair":{"pubKey":"Bdp7vpIwIafuARyQpLKfkHFyrA3h+ybggFT1s+6zBtoz","privKey":"ABWpwEVr12IZ3GQZD6SBZ+UxysWSDSfPP4Xk7XdHDHY="},"lastRemoteEphemeralKey":"BSHd9j00TGlv/InFtEbt55fRsLIeqe5vCdwqIp+wFtoN","previousCounter":0,"rootKey":"hYiykNt0UCp77dI6MWPUqVYJgR/Okpzl72F+HOeGANs="},"indexInfo":{"baseKey":"BWO3GRTY/J28G4H/5UzBc+wufgLR66J/OOGQP6VSRzUu","baseKeyType":1,"closed":-1,"used":1720650113480,"created":1720650113480,"remoteIdentityKey":"BYCBCqlmUjJT2rvNx9/n6tENhEIm7n/RodZJ79YE07ND"},"_chains":{"Bdp7vpIwIafuARyQpLKfkHFyrA3h+ybggFT1s+6zBtoz":{"chainKey":{"counter":-1,"key":"9bvmw4PT/TgIdTA26DnnII8++gBfRyKUlYJ4bwmGu6E="},"chainType":1,"messageKeys":{}}},"pendingPreKey":{"signedKeyId":3,"baseKey":"BWO3GRTY/J28G4H/5UzBc+wufgLR66J/OOGQP6VSRzUu","preKeyId":2771025}}},"version":"v1"}