{"_sessions":{"BVhlhOIrkasXdhRraf+YnYtAVi9hOf9RkbfzsZZe3voa":{"registrationId":2024541333,"currentRatchet":{"ephemeralKeyPair":{"pubKey":"Bc9JTQzFtrJMZ6uW6J4IKlewAuUr30fPQ21d5Qda9f1g","privKey":"eAfq35VidjPe+RtoigtWzspEuPxlhU6bDAhEofOixHE="},"lastRemoteEphemeralKey":"BTujkHwep0lqYSZlMIPA5plWYUSr3rvV6GpTZDMi6P5i","previousCounter":0,"rootKey":"nuiGA3FFzeQ9IDfkEgCnBE/QigpVcmW0c9oqPDnBhAk="},"indexInfo":{"baseKey":"BVhlhOIrkasXdhRraf+YnYtAVi9hOf9RkbfzsZZe3voa","baseKeyType":1,"closed":-1,"used":1720622822473,"created":1720622822473,"remoteIdentityKey":"Bayx4XSEQNjAi8JDT/eKShCfXTD7BwkrblSPAVKJ83hX"},"_chains":{"Bc9JTQzFtrJMZ6uW6J4IKlewAuUr30fPQ21d5Qda9f1g":{"chainKey":{"counter":0,"key":"4chMdg7phUpNvHBpTyqox3kwEFdyu9ko7npYts941os="},"chainType":1,"messageKeys":{}}},"pendingPreKey":{"signedKeyId":9,"baseKey":"BVhlhOIrkasXdhRraf+YnYtAVi9hOf9RkbfzsZZe3voa","preKeyId":8336219}}},"version":"v1"}