{"_sessions":{"BT5XT3D1AdwY3PE5sRT1JHlN572Kb/1kkST15I+ddt9F":{"registrationId":824286029,"currentRatchet":{"ephemeralKeyPair":{"pubKey":"BRqOdDd0l1vER/UMoYw1VppZnnCSYn/pXqPw6qp2ES9L","privKey":"0JCuDrQ/DWy+RS1f7scHWE7JHb0AhyoRuJ6bN296Z2w="},"lastRemoteEphemeralKey":"Ba1PLWRbxcsCWK9LjSB/f0ZBpP4KEM/ZOELHM0HGkNcx","previousCounter":0,"rootKey":"M1VPYQl7NHRs+nkMQXJx0ddAi3B9JU10NeESz47DaCM="},"indexInfo":{"baseKey":"BT5XT3D1AdwY3PE5sRT1JHlN572Kb/1kkST15I+ddt9F","baseKeyType":1,"closed":-1,"used":1720622822465,"created":1720622822465,"remoteIdentityKey":"BWlK6CcX0UaMOyTPrUMXiRoS2ZBcajGVdisJAVOW8aAR"},"_chains":{"BRqOdDd0l1vER/UMoYw1VppZnnCSYn/pXqPw6qp2ES9L":{"chainKey":{"counter":0,"key":"AQe0DY6C4rUmNSZ+XKfDoUrtUr8Lp0rvzWj92ls3ARQ="},"chainType":1,"messageKeys":{}}},"pendingPreKey":{"signedKeyId":1,"baseKey":"BT5XT3D1AdwY3PE5sRT1JHlN572Kb/1kkST15I+ddt9F","preKeyId":4143164}}},"version":"v1"}