{"_sessions":{"BbhjR73lU+fxss4S8Vr7Ix88eyBHA6IsDYiG8DwYF1gP":{"registrationId":1222872078,"currentRatchet":{"ephemeralKeyPair":{"pubKey":"BZfD9zmiWyxbUI3CH7N2ds7n7aG5z4OGhB+puNJAL2g2","privKey":"CA2a2bCikvEZm/WFJPEyMVvpeZAX4tlzsy34M96C3Ew="},"lastRemoteEphemeralKey":"BcRSNGdI9lG8Pd6X/mmoHPwde78WlG7LK3Q543vpTGZF","previousCounter":0,"rootKey":"brH4WrCr7iyCM0NU3LDOLTV/t8Epcx8yRmfNY/LXu4g="},"indexInfo":{"baseKey":"BbhjR73lU+fxss4S8Vr7Ix88eyBHA6IsDYiG8DwYF1gP","baseKeyType":1,"closed":-1,"used":1720648250438,"created":1720648250438,"remoteIdentityKey":"BfYrFYBAD1TA4rdwW46tzPtUb21TIFVBCf/mF1bvXXhw"},"_chains":{"BZfD9zmiWyxbUI3CH7N2ds7n7aG5z4OGhB+puNJAL2g2":{"chainKey":{"counter":0,"key":"FqzIsUhkGjSokZUb30dU5ZXamBdNMqL2873hirlG19E="},"chainType":1,"messageKeys":{}}},"pendingPreKey":{"signedKeyId":38,"baseKey":"BbhjR73lU+fxss4S8Vr7Ix88eyBHA6IsDYiG8DwYF1gP","preKeyId":11479779}}},"version":"v1"}