{"_sessions":{"BUEnH1VCc1WvtiaVddrI9nl/ELL4FVvQjLKZgenLbWYU":{"registrationId":1546982439,"currentRatchet":{"ephemeralKeyPair":{"pubKey":"BQAaAlW4EcxboXO1Vu6BwBMzI6CZMTwjuOYLlxcV6MNG","privKey":"GADo7An06t0Abn8u20rneswXkbTE+N+6Hkd4KATpXW0="},"lastRemoteEphemeralKey":"BSM6EE0QR+QkCyvwmkn3VkriBqb28MA2+92ZasOoGxYg","previousCounter":0,"rootKey":"+ahNjmaAomsoiqfSMgtGpc4wLVWrU6QWuWPD8ZhfmoQ="},"indexInfo":{"baseKey":"BUEnH1VCc1WvtiaVddrI9nl/ELL4FVvQjLKZgenLbWYU","baseKeyType":1,"closed":-1,"used":1720622822432,"created":1720622822432,"remoteIdentityKey":"BY6VgAr935dgK1RK4JWz2BhxBH6Ao/eXKBgZ4cfQKn8A"},"_chains":{"BQAaAlW4EcxboXO1Vu6BwBMzI6CZMTwjuOYLlxcV6MNG":{"chainKey":{"counter":0,"key":"217aIPObj4i3Vt9pE7b19XqI1xZS6D3QaWwC8L914D4="},"chainType":1,"messageKeys":{}}},"pendingPreKey":{"signedKeyId":37,"baseKey":"BUEnH1VCc1WvtiaVddrI9nl/ELL4FVvQjLKZgenLbWYU","preKeyId":14220690}}},"version":"v1"}