{"_sessions":{"BTOEphkaGONn9ANzrG9gzcj77O5R64CvLKY+lYjHIcl6":{"registrationId":38899169,"currentRatchet":{"ephemeralKeyPair":{"pubKey":"BfUqu9xD7p+yOrkQHvyI0O+wFJ/WD+9xZX7TnrY9MZ0q","privKey":"8GxC5X2UxLfpGrSs2l4ob+wH6Y67ScET7xcxejB2HnY="},"lastRemoteEphemeralKey":"BWe0CsUk5LOS87IEyEl3/VMnadso2vP2bLwKfkuA2mET","previousCounter":0,"rootKey":"ox0mdgQu4zoO7fgciDrJL/PKtMGAj3XpUt/rTrr67Gs="},"indexInfo":{"baseKey":"BTOEphkaGONn9ANzrG9gzcj77O5R64CvLKY+lYjHIcl6","baseKeyType":1,"closed":-1,"used":1720622822443,"created":1720622822443,"remoteIdentityKey":"BTT6WHLceC7tpNLzfaXh2QRG/6M3uFxOV9g/66N4ZGca"},"_chains":{"BfUqu9xD7p+yOrkQHvyI0O+wFJ/WD+9xZX7TnrY9MZ0q":{"chainKey":{"counter":0,"key":"pY8FREHWsmAZw7NE2fTaB/b3nl8SF/Xg8gKKFVMLhOo="},"chainType":1,"messageKeys":{}}},"pendingPreKey":{"signedKeyId":13,"baseKey":"BTOEphkaGONn9ANzrG9gzcj77O5R64CvLKY+lYjHIcl6","preKeyId":2060241}}},"version":"v1"}