{"_sessions":{"Ba08f4JzgqRZRHSGRwz615Z9/AzJDHr3YZSYmGpYFPJA":{"registrationId":1385597317,"currentRatchet":{"ephemeralKeyPair":{"pubKey":"BRODf/wfBvFdZgL/ZhvH4f0DfwoAwHo78fpXppjxKKk4","privKey":"yD9OPlqUed6WwnXJnABrtNkbohBxxzbEuzu88AVHuXg="},"lastRemoteEphemeralKey":"BSGNXedhIKivk86kEsSkbqIDloHi9n3MI71BAihjCh80","previousCounter":0,"rootKey":"dITqUp4e1ASynjpKH/7D1LKM0UiCy8Jx2CgTY+Qnx8Q="},"indexInfo":{"baseKey":"Ba08f4JzgqRZRHSGRwz615Z9/AzJDHr3YZSYmGpYFPJA","baseKeyType":1,"closed":-1,"used":1720622822455,"created":1720622822455,"remoteIdentityKey":"BQr2X3DmDHZHxUJUI//uCtnf9+dXzmUYfpIRlM6FId0J"},"_chains":{"BRODf/wfBvFdZgL/ZhvH4f0DfwoAwHo78fpXppjxKKk4":{"chainKey":{"counter":0,"key":"jhfLYZbklH1WjJGyy/4j7IEm2ZlVJ6d+kSBMlaWuhik="},"chainType":1,"messageKeys":{}}},"pendingPreKey":{"signedKeyId":7,"baseKey":"Ba08f4JzgqRZRHSGRwz615Z9/AzJDHr3YZSYmGpYFPJA","preKeyId":16727840}}},"version":"v1"}