{"_sessions":{"BUTD2NmMJz3P8HWcG1RhhmcHd+v+Zv2ikVb/LuX+Xidm":{"registrationId":1589747952,"currentRatchet":{"ephemeralKeyPair":{"pubKey":"Bb/lFy6bRYFhvK6drQEaXC5sG0E5aCB0ps9P8jEBR/Jb","privKey":"eOkktCLPy3ACUNCDJOt5ObVOmbyXvOSoQtSmMbemn2g="},"lastRemoteEphemeralKey":"BWUj096IZWvYYLCnJmjXtx0c+yLWm8KP0WJtQ6XyKOwf","previousCounter":0,"rootKey":"PomYQ9W6ZYDVU/xVxo7YVUvb1xF4Z2JXfrYC5wKF2cc="},"indexInfo":{"baseKey":"BUTD2NmMJz3P8HWcG1RhhmcHd+v+Zv2ikVb/LuX+Xidm","baseKeyType":1,"closed":-1,"used":1720622822462,"created":1720622822462,"remoteIdentityKey":"BXLlSCNdeDIkqbIEi6HfNJB90GCjZ5g9k5UItnGTLn5b"},"_chains":{"Bb/lFy6bRYFhvK6drQEaXC5sG0E5aCB0ps9P8jEBR/Jb":{"chainKey":{"counter":0,"key":"5RIyr34q0Ds4wrMq4wvcgSkhr2svz4Ud0KZgJ1SO0vs="},"chainType":1,"messageKeys":{}}},"pendingPreKey":{"signedKeyId":16,"baseKey":"BUTD2NmMJz3P8HWcG1RhhmcHd+v+Zv2ikVb/LuX+Xidm","preKeyId":13869019}}},"version":"v1"}