{"_sessions":{"BQp39GP/ifas9HdAxhOWSgIIYfZr2sIk7IEx9tb6n/sI":{"registrationId":1169531626,"currentRatchet":{"ephemeralKeyPair":{"pubKey":"BVwvaG/Rl7s399YTXicybFLEV8KdsViVx++2eAiByKpf","privKey":"mHIPjh1TJMnYwnUBKg9qY8G8G9X2qDqLuEnm/QXNbUU="},"lastRemoteEphemeralKey":"BT9NQ4CK5zmDGf3UUcHO6ACP3EGjHsdhRR0z13p/tCRr","previousCounter":0,"rootKey":"6VMn5aJgWOAGOsZsUu5kdDdR8ajtFUf1QbxugmWxxx8="},"indexInfo":{"baseKey":"BQp39GP/ifas9HdAxhOWSgIIYfZr2sIk7IEx9tb6n/sI","baseKeyType":1,"closed":-1,"used":1720624390366,"created":1720622822460,"remoteIdentityKey":"BTc5L+zTZqv6Ldoov6cMz4/znczqA4leuhHzMPIh6E5o"},"_chains":{"BT9NQ4CK5zmDGf3UUcHO6ACP3EGjHsdhRR0z13p/tCRr":{"chainKey":{"counter":0,"key":"BXOBEOR08pRptGVUjUAzaQYeMVqdKn2+Ba+WLLxj7RQ="},"chainType":2,"messageKeys":{}},"BVwvaG/Rl7s399YTXicybFLEV8KdsViVx++2eAiByKpf":{"chainKey":{"counter":-1,"key":"RPJvgJONXWkaNGi+xQgvl6Dph+bAPMEzxFQCRvaM4Z0="},"chainType":1,"messageKeys":{}}}}},"version":"v1"}