{"_sessions":{"BcjfqZBiJBOHl6e0U6gU4aJYYmga6L0ZRgj5L5SpNsMu":{"registrationId":579747802,"currentRatchet":{"ephemeralKeyPair":{"pubKey":"BY7SBi2AGfSeTI5+pud7F3BjF+/lac84k3yegwr/t9Vk","privKey":"KNI+Z7mPMPRuBjSZfNYM8BVdrkAh4HKaUDsBQgia/3Y="},"lastRemoteEphemeralKey":"BU/qSDejySk2cTCGAk/2FeagiLc8wJBBWfuHAU690KZY","previousCounter":0,"rootKey":"K4laMJW2ivu2XjbqZ6jl7aoHfceHYD7Njh5CUYeLB/c="},"indexInfo":{"baseKey":"BcjfqZBiJBOHl6e0U6gU4aJYYmga6L0ZRgj5L5SpNsMu","baseKeyType":1,"closed":-1,"used":1720648250430,"created":1720648250430,"remoteIdentityKey":"BbUpwHh2W2pin92I5I4SY46ApfsMlgZVM6OWmr3zfJY+"},"_chains":{"BY7SBi2AGfSeTI5+pud7F3BjF+/lac84k3yegwr/t9Vk":{"chainKey":{"counter":0,"key":"wSGh7ZiARwzG1ic0IUX0gsRWr0WrBo7gWFU3wiL1S8k="},"chainType":1,"messageKeys":{}}},"pendingPreKey":{"signedKeyId":0,"baseKey":"BcjfqZBiJBOHl6e0U6gU4aJYYmga6L0ZRgj5L5SpNsMu"}}},"version":"v1"}