{"_sessions":{"Bb+J27W86T7Tl2n1nmwsl9LJIKEVR8MtLA9PMvtHr4sv":{"registrationId":930784026,"currentRatchet":{"ephemeralKeyPair":{"pubKey":"Bf5fbjypwItaxnRZE8nThs1vpxqc3Qj6rmdYPr3i20wQ","privKey":"SIY9PrI2xMAG293LpfpNIO6sI4ayZVg05zWJbmzPsVU="},"lastRemoteEphemeralKey":"BZgUmlRv661UevH5M45CpHzeBtPce2JSDPNhQ7J/PaEw","previousCounter":0,"rootKey":"kNb1eNxgFvg/0/OevEmjENj5uCLhKjh1IcTIsFTfrHM="},"indexInfo":{"baseKey":"Bb+J27W86T7Tl2n1nmwsl9LJIKEVR8MtLA9PMvtHr4sv","baseKeyType":1,"closed":-1,"used":1720622822437,"created":1720622822437,"remoteIdentityKey":"BeVPeEM0FYDrkG2m33D79GRa8lYy9WuY8FuJqUjivpNA"},"_chains":{"Bf5fbjypwItaxnRZE8nThs1vpxqc3Qj6rmdYPr3i20wQ":{"chainKey":{"counter":0,"key":"liRFa+S/4O4KlO8RXuHTEnler0/4eJGgEUeHh00huG4="},"chainType":1,"messageKeys":{}}},"pendingPreKey":{"signedKeyId":18,"baseKey":"Bb+J27W86T7Tl2n1nmwsl9LJIKEVR8MtLA9PMvtHr4sv","preKeyId":3655458}}},"version":"v1"}