{
  "users": {
    "6282228701980@s.whatsapp.net": {
      "afkTime": -1,
      "afkReason": "",
      "limit": 50
    },
    "6285791762177@s.whatsapp.net": {
      "afkTime": -1,
      "afkReason": "",
      "limit": 41,
      "claimed": true,
      "lastClaimTime": 1686803974454
    },
    "6282110056087@s.whatsapp.net": {
      "afkTime": -1,
      "afkReason": "",
      "limit": 50
    },
    "6285655620413@s.whatsapp.net": {
      "afkTime": -1,
      "afkReason": "",
      "limit": 50,
      "claimed": true
    },
    "6282275403263@s.whatsapp.net": {
      "afkTime": -1,
      "afkReason": "",
      "limit": 50
    },
    "6285221693177@s.whatsapp.net": {
      "afkTime": -1,
      "afkReason": "",
      "limit": 50
    },
    "6285701241486@s.whatsapp.net": {
      "afkTime": -1,
      "afkReason": "",
      "limit": 50
    },
    "62895376915959@s.whatsapp.net": {
      "afkTime": -1,
      "afkReason": "",
      "limit": 50
    },
    "6285174667722@s.whatsapp.net": {
      "afkTime": -1,
      "afkReason": "",
      "limit": 50
    },
    "6281944022990@s.whatsapp.net": {
      "afkTime": -1,
      "afkReason": "",
      "limit": 50
    },
    "6282397585795@s.whatsapp.net": {
      "afkTime": -1,
      "afkReason": "",
      "limit": 50
    },
    "6285798750270@s.whatsapp.net": {
      "afkTime": -1,
      "afkReason": "",
      "limit": 50
    },
    "6285880475906@s.whatsapp.net": {
      "afkTime": -1,
      "afkReason": "",
      "limit": 50
    },
    "6281255104397@s.whatsapp.net": {
      "afkTime": -1,
      "afkReason": "",
      "limit": 50
    },
    "6283131341678@s.whatsapp.net": {
      "afkTime": -1,
      "afkReason": "",
      "limit": 50
    },
    "6281256831981@s.whatsapp.net": {
      "afkTime": -1,
      "afkReason": "",
      "limit": 50
    },
    "6287858470905@s.whatsapp.net": {
      "afkTime": -1,
      "afkReason": "",
      "limit": 50
    },
    "6285742112532@s.whatsapp.net": {
      "afkTime": -1,
      "afkReason": "",
      "limit": 50
    },
    "6285882212066@s.whatsapp.net": {
      "afkTime": -1,
      "afkReason": "",
      "limit": 50
    },
    "6282133911386@s.whatsapp.net": {
      "afkTime": -1,
      "afkReason": "",
      "limit": 50
    },
    "6287788617688@s.whatsapp.net": {
      "afkTime": -1,
      "afkReason": "",
      "limit": 50
    },
    "628979059007@s.whatsapp.net": {
      "afkTime": -1,
      "afkReason": "",
      "limit": 50
    },
    "6282261436028@s.whatsapp.net": {
      "afkTime": -1,
      "afkReason": "",
      "limit": 50
    },
    "6285669513772@s.whatsapp.net": {
      "afkTime": -1,
      "afkReason": "",
      "limit": 50
    },
    "6281385148133@s.whatsapp.net": {
      "afkTime": -1,
      "afkReason": "",
      "limit": 50
    },
    "6285891747739@s.whatsapp.net": {
      "afkTime": -1,
      "afkReason": "",
      "limit": 50
    },
    "6283862767251@s.whatsapp.net": {
      "afkTime": -1,
      "afkReason": "",
      "limit": 50
    },
    "6281257172080@s.whatsapp.net": {
      "afkTime": -1,
      "afkReason": "",
      "limit": 50
    },
    "6287879464264@s.whatsapp.net": {
      "afkTime": -1,
      "afkReason": "",
      "limit": 50
    },
    "6285295374964@s.whatsapp.net": {
      "afkTime": -1,
      "afkReason": "",
      "limit": 50
    },
    "62895381863020@s.whatsapp.net": {
      "afkTime": -1,
      "afkReason": "",
      "limit": 50
    },
    "6285337260544@s.whatsapp.net": {
      "afkTime": -1,
      "afkReason": "",
      "limit": 50
    },
    "6281226759022@s.whatsapp.net": {
      "afkTime": -1,
      "afkReason": "",
      "limit": 50
    },
    "6282193153745@s.whatsapp.net": {
      "afkTime": -1,
      "afkReason": "",
      "limit": 50
    },
    "6285894428991@s.whatsapp.net": {
      "afkTime": -1,
      "afkReason": "",
      "limit": 50
    },
    "6288233915385@s.whatsapp.net": {
      "afkTime": -1,
      "afkReason": "",
      "limit": 50
    },
    "6285175227622@s.whatsapp.net": {
      "afkTime": -1,
      "afkReason": "",
      "limit": 50
    },
    "12028524120@s.whatsapp.net": {
      "afkTime": -1,
      "afkReason": "",
      "limit": 50
    },
    "6283877451334@s.whatsapp.net": {
      "afkTime": -1,
      "afkReason": "",
      "limit": 50
    },
    "6281331914156@s.whatsapp.net": {
      "afkTime": -1,
      "afkReason": "",
      "limit": 50
    },
    "6289679630022@s.whatsapp.net": {
      "afkTime": -1,
      "afkReason": "",
      "limit": 50
    },
    "62895630128912@s.whatsapp.net": {
      "afkTime": -1,
      "afkReason": "",
      "limit": 50
    },
    "6289530680760@s.whatsapp.net": {
      "afkTime": -1,
      "afkReason": "",
      "limit": 50
    },
    "6283843112815@s.whatsapp.net": {
      "afkTime": -1,
      "afkReason": "",
      "limit": 50
    },
    "6288972288858@s.whatsapp.net": {
      "afkTime": -1,
      "afkReason": "",
      "limit": 50
    },
    "628895400612@s.whatsapp.net": {
      "afkTime": -1,
      "afkReason": "",
      "limit": 50
    },
    "6289653162830@s.whatsapp.net": {
      "afkTime": -1,
      "afkReason": "",
      "limit": 50
    },
    "6281344411000@s.whatsapp.net": {
      "afkTime": -1,
      "afkReason": "",
      "limit": 50
    },
    "6285171226069@s.whatsapp.net": {
      "afkTime": -1,
      "afkReason": "",
      "limit": 50
    },
    "6281523772093@s.whatsapp.net": {
      "afkTime": -1,
      "afkReason": "",
      "limit": 50
    },
    "6281389594770@s.whatsapp.net": {
      "afkTime": -1,
      "afkReason": "",
      "limit": 50
    },
    "6281252352238@s.whatsapp.net": {
      "afkTime": -1,
      "afkReason": "",
      "limit": 50
    },
    "6281231913949@s.whatsapp.net": {
      "afkTime": -1,
      "afkReason": "",
      "limit": 50
    },
    "628815739965@s.whatsapp.net": {
      "afkTime": -1,
      "afkReason": "",
      "limit": 50
    },
    "6287738450154@s.whatsapp.net": {
      "afkTime": -1,
      "afkReason": "",
      "limit": 50
    },
    "6285710908421@s.whatsapp.net": {
      "afkTime": -1,
      "afkReason": "",
      "limit": 50
    },
    "6285878454024@s.whatsapp.net": {
      "afkTime": -1,
      "afkReason": "",
      "limit": 50
    },
    "6285770866730@s.whatsapp.net": {
      "afkTime": -1,
      "afkReason": "",
      "limit": 50
    },
    "6282334064133@s.whatsapp.net": {
      "afkTime": -1,
      "afkReason": "",
      "limit": 50
    },
    "62895358173676@s.whatsapp.net": {
      "afkTime": -1,
      "afkReason": "",
      "limit": 50
    },
    "6287773333292@s.whatsapp.net": {
      "afkTime": -1,
      "afkReason": "",
      "limit": 50
    },
    "6289673634320@s.whatsapp.net": {
      "afkTime": -1,
      "afkReason": "",
      "limit": 50
    },
    "601123860182@s.whatsapp.net": {
      "afkTime": -1,
      "afkReason": "",
      "limit": 50
    },
    "6288227205549@s.whatsapp.net": {
      "afkTime": -1,
      "afkReason": "",
      "limit": 50
    },
    "6289668590244@s.whatsapp.net": {
      "afkTime": -1,
      "afkReason": "",
      "limit": 50
    },
    "62895704181617@s.whatsapp.net": {
      "afkTime": -1,
      "afkReason": "",
      "limit": 50
    },
    "6289620968072@s.whatsapp.net": {
      "afkTime": -1,
      "afkReason": "",
      "limit": 50
    },
    "6285236226786@s.whatsapp.net": {
      "afkTime": -1,
      "afkReason": "",
      "limit": 50
    },
    "6283893364172@s.whatsapp.net": {
      "afkTime": -1,
      "afkReason": "",
      "limit": 50
    },
    "6289510763178@s.whatsapp.net": {
      "afkTime": -1,
      "afkReason": "",
      "limit": 50
    },
    "6282135819880@s.whatsapp.net": {
      "afkTime": -1,
      "afkReason": "",
      "limit": 50
    },
    "48888888625@s.whatsapp.net": {
      "afkTime": -1,
      "afkReason": "",
      "limit": 50
    },
    "6283115666607@s.whatsapp.net": {
      "afkTime": -1,
      "afkReason": "",
      "limit": 50
    }
  },
  "chats": {
    "6282228701980@s.whatsapp.net": {
      "mute": false,
      "antilink": false
    },
    "6285791762177@s.whatsapp.net": {
      "mute": false,
      "antilink": false,
      "antilink2": false
    },
    "120363132098334691@g.us": {
      "mute": false,
      "antilink": false
    },
    "120363143840297135@g.us": {
      "mute": false,
      "antilink": true
    },
    "6282275403263@s.whatsapp.net": {
      "mute": false,
      "antilink": false
    },
    "6285221693177@s.whatsapp.net": {
      "mute": false,
      "antilink": false
    },
    "6285701241486@s.whatsapp.net": {
      "mute": false,
      "antilink": false
    },
    "62895376915959@s.whatsapp.net": {
      "mute": false,
      "antilink": false
    },
    "6285174667722@s.whatsapp.net": {
      "mute": false,
      "antilink": false
    },
    "120363100491467840@g.us": {
      "mute": false,
      "antilink": false
    },
    "6282397585795@s.whatsapp.net": {
      "mute": false,
      "antilink": false
    },
    "628979059007@s.whatsapp.net": {
      "mute": false,
      "antilink": false
    },
    "6287879464264@s.whatsapp.net": {
      "mute": false,
      "antilink": false
    },
    "6285655620413@s.whatsapp.net": {
      "mute": false,
      "antilink": false
    },
    "6281331914156@s.whatsapp.net": {
      "mute": false,
      "antilink": false
    },
    "6289653162830@s.whatsapp.net": {
      "mute": false,
      "antilink": false
    },
    "6285171226069@s.whatsapp.net": {
      "mute": false,
      "antilink": false
    },
    "6281231913949@s.whatsapp.net": {
      "mute": false,
      "antilink": false
    },
    "6289673634320@s.whatsapp.net": {
      "mute": false,
      "antilink": false
    },
    "62895704181617@s.whatsapp.net": {
      "mute": false,
      "antilink": false
    },
    "6283115666607@s.whatsapp.net": {
      "mute": false,
      "antilink": false
    },
    "120363158423546747@g.us": {
      "mute": false,
      "antilink": false,
      "antilink2": false
    }
  },
  "database": {},
  "game": {
    "tebaklagu": [],
    "family100": [],
    "math": [],
    "tebakgambar": [],
    "tebakkata": [],
    "lontong": [],
    "lontong_desk": [],
    "kalimat": [],
    "lirik": [],
    "tebakan": [],
    "siapakahaku": [],
    "susunkata": [],
    "tebakbendera": [],
    "tebakkimia": [],
    "asahotak": [],
    "tebakjenaka": [],
    "tebakanime": [],
    "tebakkabupaten": []
  },
  "settings": {
    "6282228701980@s.whatsapp.net": {
      "anticall": true,
      "status": 1686398479557,
      "autobio": false
    }
  },
  "others": {},
  "sticker": {},
  "anonymous": {}
}